word,n
project manager,202
interior designer,153
quantity surveyor,118
civil engineer,75
site manager,70
marketing property,59
interior design,55
site engineer,53
pengawas lapangan,46
site supervisor,43
sales executive,42
teknik sipil,41
civil engineering,37
fit out,31
project supervisor,31
sales marketing,29
sales manager,28
architect interior,26
design interior,26
marketing executive,26
executive property,25
pelaksana lapangan,24
tenant relation,24
drafter interior,21
general manager,20
sales property,20
senior interior,20
structure engineer,20
head of,19
pelaksana proyek,19
pengawas proyek,19
project coordinator,19
project engineer,19
assistant manager,18
project architect,18
3d artist,17
construction manager,17
estate management,17
interior furniture,17
marketing manager,17
design engineer,16
real estate,16
supervisor project,15
building manager,14
manager property,14
project control,14
staff teknik,14
junior architect,13
manager interior,13
quality control,13
structural engineer,13
surveyor staff,13
cost control,12
marketing associate,12
property sales,12
senior architect,12
senior qc,12
surveyor estimator,12
admin project,11
estimator interior,11
landscape architect,11
project designer,11
project management,11
sales supervisor,11
supervisor proyek,11
business development,10
desain interior,10
development manager,10
drafter arsitektur,10
interior project,10
project officer,10
property agent,10
property consultant,10
proyek konstruksi,10
qc beton,10
supervisor interior,10
drafter sipil,9
in house,9
relation officer,9
senior project,9
cad drafter,8
desainer interior,8
engineer civil,8
engineer project,8
engineering supervisor,8
manager construction,8
manager teknik,8
project interior,8
senior staff,8
supervisor civil,8
admin proyek,7
and interior,7
arsitektur interior,7
casual leasing,7
chief engineering,7
design internship,7
designer interior,7
document control,7
engineering staff,7
estate manager,7
estimator staff,7
general affair,7
junior interior,7
management staff,7
mandarin speaker,7
operation manager,7
sales project,7
senior manager,7
site coordinator,7
supervisor lapangan,7
supervisor pelaksana,7
supervisor pengawas,7
bar bending,6
batching plant,6
chief engineer,6
citra sentul,6
civil infrastructure,6
civil project,6
civil structure,6
civil supervisor,6
drafter civil,6
drafter estimator,6
drafter project,6
engineering manager,6
estimator qs,6
high rise,6
housing inspector,6
interior drafter,6
landed house,6
leasing manager,6
leasing supervisor,6
management officer,6
manager design,6
manager project,6
marketing perumahan,6
marketing properti,6
project controller,6
project director,6
property developer,6
property management,6
proyek perumahan,6
qs quantity,6
quantity surveyors,6
r d,6
sales engineer,6
sentul raya,6
site project,6
supervisor sales,6
supervisor sipil,6
surveyor qs,6
2d 3d,5
architect and,5
building maintenance,5
building management,5
building material,5
building project,5
building supervisor,5
chief tenant,5
civil construction,5
construction supervisor,5
control engineer,5
data center,5
design manager,5
design staff,5
designer drafter,5
developer makassar,5
developer perumahan,5
drafter 2d,5
drafter arsitek,5
estimator civil,5
facility manager,5
general superintendent,5
interior fit,5
management manager,5
management supervisor,5
manager civil,5
manager sipil,5
marketing in,5
mechanical electrical,5
out officer,5
pelaksana sipil,5
project estimator,5
quality surveyor,5
relation supervisor,5
rise building,5
road maintenance,5
sales agent,5
section head,5
senior civil,5
sipil arsitektur,5
sipil interior,5
struktur arsitektur,5
supervisor property,5
team leader,5
3d designer,4
agent coordinator,4
agent property,4
architect designer,4
architectural drafter,4
arsitek drafter,4
arsitek interior,4
asisten infrastruktur,4
asisten sipil,4
bending scheduler,4
citra raya,4
civil design,4
civil inspector,4
civil structural,4
cme supervisor,4
construction engineer,4
credit marketing,4
customer service,4
department head,4
designer furniture,4
document controller,4
drafter architect,4
drafter furniture,4
drafter staff,4
engineer supervisor,4
estimator proyek,4
estimator quantity,4
for interior,4
furniture designer,4
furniture interior,4
gajah mada,4
general service,4
geotechnical engineer,4
interior desainer,4
junior arsitek,4
koordinator lapangan,4
land surveyor,4
landscape supervisor,4
lapangan developer,4
lapangan proyek,4
lapangan site,4
leasing executive,4
leasing staff,4
mada plaza,4
manager data,4
manager engineering,4
manager mall,4
manager marketing,4
manager pm,4
manager proyek,4
manager rumah,4
manager senior,4
manajer proyek,4
marketing and,4
marketing communication,4
marketing officer,4
marketing sales,4
of commercial,4
officer surveyor,4
out supervisor,4
pengawas konstruksi,4
portfolio manager,4
product development,4
product specifier,4
project assistant,4
project development,4
project site,4
property advisor,4
property freelance,4
property manager,4
proyek bangunan,4
proyek sipil,4
sales inhouse,4
senior arsitek,4
senior structure,4
service staff,4
sipil arsitek,4
site acquisition,4
staf teknik,4
staff designer,4
staff pengawas,4
store development,4
supervisor building,4
supervisor for,4
supervisor site,4
supervisor struktur,4
surveyor interior,4
surveyor konstruksi,4
surveyor proyek,4
tenant design,4
account manager,3
admin kpr,3
analyst non,3
and building,3
and stage,3
architect 3d,3
architect civil,3
architect engineer,3
architect project,3
architecture interior,3
arsitek design,3
artist interior,3
ass manager,3
assistant chief,3
assistant civil,3
bangunan proyek,3
beton kupang,3
bim revit,3
bsd res11,3
building inspector,3
ci bsd,3
civil architecture,3
civil steel,3
claim analyst,3
commercial engineer,3
communication staff,3
construction a,3
construction project,3
contract engineer,3
customer relation,3
d furniture,3
design and,3
design coordinator,3
design planning,3
designer architect,3
designer bandung,3
developer property,3
digital marketing,3
drafter draftsman,3
drafter revit,3
drafter site,3
drafter struktur,3
engineer architect,3
engineer construction,3
engineer interior,3
engineer quantity,3
engineer site,3
engineering mep,3
estimator sipil,3
fiber optic,3
for landed,3
for mall,3
gems1 2022,3
infrastructure engineer,3
infrastructure inspector,3
infrastructure site,3
infrastructure work,3
inspector ci,3
inspector civil,3
inspector housing,3
inspector makassar,3
interior 3d,3
interior architecture,3
interior proyek,3
junior landscape,3
land division,3
landscape inspector,3
lapangan supervisor,3
leasing marketing,3
m e,3
maintenance officer,3
maintenance sipil,3
maintenance supervisor,3
mall manager,3
management trainee,3
manager id,3
manager internal,3
manager jakarta,3
manager kepala,3
manager r,3
manager real,3
manager sales,3
manager semarang,3
marketing designer,3
marketing inhouse,3
marketing project,3
mep manager,3
motor vehicle,3
non motor,3
offshore construction,3
operational manager,3
pelaksana project,3
pengawas bangunan,3
plant spv,3
project admin,3
project administrator,3
project based,3
project design,3
project executive,3
project sipil,3
project support,3
property broker,3
proposal engineer,3
proyek citra,3
qa qc,3
qc engineer,3
revit drafter,3
rumah subsidi,3
rumah tinggal,3
sales consultant,3
sales staff,3
sedayu city,3
senior analyst,3
senior drafter,3
senior estimator,3
senior officer,3
senior quantity,3
senior sales,3
senior set,3
service manager,3
set and,3
shopee express,3
sipil civil,3
sipil penempatan,3
site surveyor,3
staff admin,3
staff konstruksi,3
staff landed,3
staff property,3
stage designer,3
steel structure,3
structure design,3
supervisor gajah,3
supervisor leasing,3
support engineer,3
support officer,3
surveyor bandung,3
surveyor civil,3
surveyor mep,3
surveyor project,3
technical specialist,3
technical support,3
teknik konstruksi,3
teknisi gedung,3
_overburden coal,2
2022 _overburden,2
3d modelling,2
3d render,2
3d sketchup,2
access community,2
account executive,2
admin gudang,2
admin inhouse,2
admin teknik,2
administrasi gudang,2
administrasi logistik,2
administrasi teknik,2
affair project,2
ahli madya,2
alat berat,2
analyst quantity,2
and administration,2
and design,2
and development,2
and gas,2
and marketing,2
and promotion,2
apply sync.testing.post.maintenance,2
arandra residence,2
architect cikarang,2
architect commercial,2
architect makassar,2
architect metland,2
architect revit,2
architect signage,2
architect staff,2
architectural engineer,2
architectural engineering,2
architectural interior,2
architectural project,2
architecture engineer,2
area coordinator,2
area jakarta,2
arsitek muda,2
arsitek senior,2
arsitektur sipil,2
arsitekture finishing,2
artist for,2
artist staff,2
asisstant manager,2
asset management,2
assistant design,2
assistant project,2
assistant proyek,2
assistant qc,2
associate project,2
at verde,2
bangunan gedung,2
bangunan helper,2
bangunan sipil,2
bending schedule,2
beton gianyar,2
beton kudus,2
beton palembang,2
bim designer,2
bim modeller,2
bridge engineer,2
bsd comm,2
building engineer,2
building expert,2
building information,2
building service,2
building site,2
business unit,2
cad draftsman,2
cad drawings,2
central java,2
chief property,2
cikarang a,2
ciledug karawaci,2
citra maja,2
citraland banjarmasin,2
civil architect,2
civil maintenance,2
civil mechanical,2
civil works,2
cme senior,2
coal team,2
comm bsd11,2
commercial building,2
commercial leasing,2
commercial sales,2
community relation,2
construction and,2
construction management,2
construction quality,2
construction renovation,2
consultant sales,2
content creator,2
control engineering,2
control konstruksi,2
control project,2
control staff,2
coordinator engineering,2
coordinator tenant,2
corporate secretary,2
costing hospitality,2
d engineer,2
deltamas indonesia,2
deputy manager,2
design build,2
design drafter,2
design officer,2
design studio,2
designer exhibition,2
designer spesialist,2
do not,2
domisili bali,2
drafter 3d,2
drafter autocad,2
drafter cad,2
drafter engineering,2
drafter property,2
drafter tekla,2
drafter teknik,2
endp kalsel,2
engineer coordinator,2
engineer drafter,2
engineer for,2
engineer land,2
engineer manager,2
engineer sipil,2
engineer urgently,2
engineering and,2
engineering civil,2
engineering drafter,2
engineering officer,2
engineering placement,2
engineering sipil,2
engineering teknik,2
english speaker,2
estate agent,2
estate developer,2
estate manajemen,2
estate staff,2
estimator arsitektur,2
estimator project,2
estimator rab,2
estimator supervisor,2
estimator surabaya,2
executive at,2
executive manado,2
executive serpong,2
executive strata,2
express construction,2
facility management,2
festival sedayu,2
field inspector,2
field manager,2
field supervisor,2
finance accounting,2
finishing electrical,2
finishing inspector,2
for construction,2
free gold,2
freelance marketing,2
freelancer interior,2
fresh graduate,2
full time,2
furniture project,2
gading festival,2
gambar bangunan,2
general affairs,2
general project,2
general superitendent,2
gianyar bali,2
gm manager,2
gm property,2
gm sales,2
gold processing,2
guest relation,2
helper project,2
highrise building,2
housekeeping coordinator,2
housekeeping staff,2
housing infrastructure,2
id 532843,2
indah kapuk,2
infrastructure manager,2
infrastructure officer,2
inhouse kpr,2
inhouse property,2
inspector citra,2
inspector landed,2
interior consultant,2
interior contractor,2
interior desain,2
interior electrical,2
interior restaurant,2
internal audit,2
internship project,2
jakarta barat,2
jakarta kemayoran,2
jawa timur,2
junior design,2
junior project,2
k3 konstruksi,2
kalimantan site,2
kepala infrastruktur,2
kepala proyek,2
konstruksi bangunan,2
konstruksi jalan,2
konstruksi sipil,2
konsultan property,2
land acquisition,2
landscape design,2
landscape designer,2
landscape staff,2
lapangan bangunan,2
lapangan sipil,2
lead engineer,2
leader endp,2
lifting rigging,2
lighting designer,2
lippo plaza,2
location kalsel,2
logistik proyek,2
maintenance building,2
maja raya,2
mall projects,2
management coordinator,2
management oil,2
manager apartment,2
manager architect,2
manager baja,2
manager bangunan,2
manager customer,2
manager developer,2
manager fit,2
manager for,2
manager high,2
manager konstruksi,2
manager landed,2
manager landscape,2
manager manajer,2
manager mandarin,2
manager mining,2
manager residential,2
manager surabaya,2
manajemen property,2
market survey,2
marketing business,2
marketing consultant,2
marketing office,2
marketing specialist,2
marketing support,2
material specifier,2
mechanical engineer,2
menara jakarta,2
mep designer,2
mep infrastructure,2
mercury free,2
mining company,2
mortgage sales,2
not apply,2
of business,2
of engineering,2
of operations,2
of project,2
of sales,2
office building,2
officer civil,2
officer mandarin,2
officer of,2
officer property,2
oil and,2
oil mill,2
operation retail,2
operation supervisor,2
operations supervisor,2
operator bubut,2
out interior,2
out staff,2
palm oil,2
panahome deltamas,2
pantai indah,2
parking housekeeping,2
part time,2
pasar modern,2
pekerjaan arsitekture,2
pelaksana bangunan,2
pelaksana site,2
penempatan kepu,2
pengawas lapang,2
pengawas pekerjaan,2
pengawas pelaksana,2
perumahan site,2
pik 2,2
pimpinan proyek,2
planning and,2
planning costing,2
planning engineer,2
planning infrastructure,2
planning manager,2
plant manager,2
plumbing engineering,2
processing engineering,2
product engineer,2
product engineering,2
project administration,2
project banjarmasin,2
project civil,2
project drafter,2
project engineering,2
project estate,2
project inspector,2
project leader,2
project mep,2
project planner,2
project procurement,2
project staff,2
property executive,2
property inhouse,2
property malang,2
property menara,2
property penempatan,2
property pik,2
property sidoarjo,2
property supervisor,2
property surabaya,2
proyek interior,2
proyek kapro,2
proyek pembangunan,2
proyek properti,2
proyek site,2
pt panahome,2
qc leader,2
qc staff,2
qs citraland,2
qs sipil,2
qs staff,2
qs supervisor,2
relation manager,2
relation office,2
relation site,2
render artist,2
renovation supervisor,2
research and,2
research development,2
research engineer,2
resident engineer,2
retail office,2
retail staff,2
revit lumion,2
rigging engineer,2
risk management,2
road construction,2
rumah mewah,2
s a,2
s bsd,2
sales admin,2
sales coordinator,2
sales leasing,2
sales properti,2
sales s,2
sales specialist,2
sales support,2
senior architectural,2
senior construction,2
senior designer,2
senior engineer,2
senior landscape,2
senior leasing,2
senior operasional,2
service supervisor,2
shopping mall,2
sipil engineer,2
sipil finishing,2
sipil maintenance,2
sipil mep,2
sipil sm,2
sitac makassar,2
site arsitek,2
site civil,2
site engineering,2
site inspector,2
site interior,2
site spv,2
site store,2
sketchup modelling,2
sm sipil,2
social media,2
sop senior,2
specialist area,2
specialist surabaya,2
spesialist 3d,2
spv interior,2
sr interior,2
sr technical,2
staf proyek,2
staff ads,2
staff design,2
staff drafter,2
staff engineer,2
staff engineering,2
staff fit,2
staff gading,2
staff general,2
staff infrastructure,2
staff land,2
staff marketing,2
staff pelaksana,2
staff purchasing,2
staff sipil,2
staff surveyor,2
store designer,2
structural design,2
structural engineers,2
structure designer,2
structure drafter,2
structure finishing,2
studio coordinator,2
supervisor architecture,2
supervisor furniture,2
supervisor housing,2
supervisor hse,2
supervisor lippo,2
supervisor makassar,2
supervisor mep,2
supervisor palm,2
supervisor produksi,2
supervisor sunter,2
supervisor teknik,2
support staff,2
surveyor citraland,2
surveyor consultant,2
surveyor engineer,2
surveyor jakarta,2
surveyor kadaster,2
surveyor lapangan,2
surveyor manager,2
surveyor mechanical,2
surveyor property,2
surveyor tanah,2
sync.testing.post.maintenance updated,2
technical designer,2
technical drafter,2
technical r,2
teknik gambar,2
teknisi sipil,2
tenaga ahli,2
tenan relation,2
tinggal mewah,2
town management,2
translator mandarin,2
treatment plant,2
tukang bangunan,2
ukur lapangan,2
urban planning,2
urgently needed,2
verde two,2
water treatment,2
welding inspector,2
_bridge road,1
_civil engineer,1
017 2022,1
1 administrasi,1
2 sales,1
2022 _civil,1
2022 mercury,1
2d artist,1
2x3mw pltu,1
3d 2d,1
3d architect,1
3d engineer,1
3d graphic,1
3d interior,1
3d max,1
3d modeler,1
3d modeller,1
3d molding,1
3d rendering,1
3d visualizer,1
4 project,1
5 digital,1
6 project,1
7 land,1
a 64908,1
a 66143,1
a 72754,1
a 73005,1
a 73068,1
a 73150,1
a 73220,1
a 73749,1
a 74061,1
a 74752,1
account solutions,1
accounting finance,1
accounting manager,1
accounting property,1
accounting tax,1
acquisition and,1
acquisition assistant,1
acquisition manager,1
acquisition permit,1
acquisition pertanahan,1
acquisition sitac,1
acquisition staff,1
admin cost,1
admin estate,1
admin konstruksi,1
admin leasing,1
admin legal,1
admin marketing,1
admin personal,1
admin sales,1
admin shopee,1
administrasi 1,1
administrasi proyek,1
administration ass,1
administration officer,1
administrator mandarin,1
administrator property,1
advisor arc100,1
advisor tritan,1
advisor voza,1
affair banjarmasin,1
affair building,1
affair officer,1
affair section,1
affair site,1
affairs senior,1
afo jateng,1
agen properti,1
agen property,1
agent marketing,1
agent properti,1
agent real,1
ahli geoteknik,1
ahli k3,1
ahli konstruksi,1
ahli sipil,1
ahli struktur,1
ahli teknik,1
akasa apartment,1
alat teknik,1
aluminium formwork,1
analis konstruksi,1
analysis cold,1
analysis for,1
analyst construction,1
analyst fin,1
analyst manager,1
analyst qs,1
analyst telco,1
and 3d,1
and architectural,1
and architecture,1
and autocad,1
and commercial,1
and cost,1
and data,1
and developer,1
and drafter,1
and estimation,1
and freelance,1
and implementation,1
and kaizen,1
and land,1
and leasing,1
and maintenance,1
and mep,1
and permit,1
and planning,1
and plumbing,1
and procedure,1
and project,1
and senior,1
and service,1
and site,1
and transaction,1
andalalin amdal,1
anggrek residence,1
apartemen mall,1
apartment estate,1
application engineer,1
appraisal karawang,1
appraisal tanah,1
apprentice program,1
arc100 apartment,1
architec and,1
architec renderer,1
architech civil,1
architech engineer,1
architect architect,1
architect arsitek,1
architect cisarua,1
architect citra,1
architect construction,1
architect coordinator,1
architect design,1
architect drafter,1
architect for,1
architect head,1
architect in,1
architect jakarta,1
architect junior,1
architect karawaci,1
architect landscape,1
architect lippo,1
architect mep,1
architect proyek,1
architect pt,1
architect s,1
architect senior,1
architect site,1
architect supervisor,1
architect surabaya,1
architect with,1
architects engineering,1
architects interior,1
architectural and,1
architectural executive,1
architecture and,1
architecture design,1
architecture designer,1
architecture drafter,1
architecture engineering,1
architecture mekanikal,1
architecture modeler,1
architecture pm,1
architecture studio,1
architecture works,1
area batang,1
area jawa,1
area karawaci,1
area manager,1
area project,1
area rumbai,1
area tambang,1
arsitek a,1
arsitek conceptor,1
arsitek desain,1
arsitek enginner,1
arsitek estimator,1
arsitek for,1
arsitek fresh,1
arsitek gedung,1
arsitek intern,1
arsitek landscape,1
arsitek lapangan,1
arsitek level,1
arsitek proyek,1
arsitek pt,1
arsitek sipil,1
arsitektur architect,1
arsitektur rumah,1
arsitektur sa,1
arsitektur teknik,1
artist drafter,1
artist specialist,1
artist visualizer,1
asisten ce,1
asisten civil,1
asisten direktur,1
asisten gm,1
asisten interior,1
asisten kepala,1
asisten land,1
asisten manager,1
asisten manajer,1
asisten pelaksana,1
asisten pengawas,1
asisten project,1
asisten proyek,1
asisten quantity,1
asisten survey,1
ass project,1
ass site,1
assembly coordinator,1
asset and,1
assistant account,1
assistant architect,1
assistant building,1
assistant document,1
assistant engineer,1
assistant facilities,1
assistant field,1
assistant furniture,1
assistant planning,1
assistant product,1
assistant quantity,1
assistant sales,1
assistant site,1
assistant surveyor,1
assisten manager,1
assitant site,1
associate professional,1
associate property,1
asst engineers,1
assurance manager,1
audit market,1
audit staff,1
auditor sipil,1
autocad autodesk,1
autodesk revit,1
avp building,1
b 64092,1
b 74237,1
b2b senior,1
badan pengawas,1
bagunan proyek,1
baja general,1
balance of,1
balikpapan based,1
ballroom supervisor,1
bandung khusus,1
bangunan mesin,1
bangunan pb,1
bangunan perumahan,1
bangunan sumbawa,1
base camp,1
based in,1
batam a,1
bekasi part,1
berat batching,1
beton surabaya,1
beverege staff,1
bidang k3,1
bidang kontruksi,1
bidang retail,1
bill of,1
bim architectural,1
bim drafter,1
bim manager,1
bim modeler,1
bim specialist,1
bogor a,1
bogor puncak,1
boiler jembatan,1
boq officer,1
branch chief,1
branch coordinator,1
branch manager,1
broker properti,1
bsb city,1
bsd comm12,1
bsd cto11,1
bsd hc11,1
bsd pss11,1
bsd scom,1
budget staff,1
building asset,1
building bogor,1
building control,1
building coordinator,1
building design,1
building development,1
building drafter,1
building handover,1
building junior,1
building maintanance,1
building mgt,1
building operation,1
building operational,1
building proyek,1
building qc,1
building senior,1
buildings medan,1
bulding management,1
buliding maintenance,1
business analyst,1
business interior,1
business mall,1
business partner,1
business process,1
camp management,1
cantika puspa,1
carpenter sentul,1
carstensz apartemen,1
ce infra,1
center construction,1
center facility,1
center project,1
central kalimantan,1
ceo property,1
certification staff,1
cfu manado,1
channel development,1
checker drafter,1
checker manufaktur,1
cheker warehouse,1
chief accounting,1
chief operation,1
chief project,1
chief safety,1
chief structure,1
chief surveyor,1
cibitung a,1
cibubur cimanggis,1
cinema manager,1
ciputra tangerang,1
citraland bsb,1
citraland puri,1
citraland tegal,1
city kelapa,1
city launcher,1
civil architectural,1
civil baja,1
civil bim,1
civil cikarang,1
civil consultant,1
civil designer,1
civil drafter,1
civil electrical,1
civil engeneering,1
civil estimator,1
civil infrastruktur,1
civil interior,1
civil jetty,1
civil penempatan,1
civil section,1
civil site,1
civil superintendent,1
civil surabaya,1
civil surveyor,1
civil team,1
civil technician,1
civil work,1
cme engineer,1
cme erector,1
cme inspector,1
cme manager,1
cme section,1
coal mining,1
cold form,1
collection staff,1
comm nat11,1
commercial and,1
commercial bsd,1
commercial jakarta,1
commercial manager,1
commis lyon,1
commissioning manager,1
communication interior,1
communication management,1
communication manager,1
community associate,1
company sunter,1
concept artist,1
construction asset,1
construction cibitung,1
construction cikarang,1
construction coordinator,1
construction deputy,1
construction development,1
construction engineering,1
construction estimator,1
construction fab,1
construction general,1
construction id,1
construction interior,1
construction maintenance,1
construction mechanical,1
construction mep,1
construction officer,1
construction property,1
construction spv,1
construction staff,1
construction team,1
construction warehouse,1
construction waste,1
consultant architecture,1
consultant jakarta,1
consultant japanese,1
consultant struktur,1
consultant tangerang,1
containerized control,1
content writer,1
continous improvement,1
contract department,1
contract management,1
control admin,1
control cfu,1
control civil,1
control coordinator,1
control cost,1
control dimensional,1
control estimator,1
control fiber,1
control for,1
control id,1
control inspector,1
control jalan,1
control manager,1
control me,1
control pmo,1
control quality,1
control tower,1
controller estimator,1
controller gedung,1
controller id,1
controller property,1
controller staff,1
contruction management,1
coordinator casual,1
coordinator cikarang,1
coordinator fit,1
coordinator interior,1
coordinator landed,1
coordinator mall,1
coordinator manager,1
coordinator managerial,1
coordinator mandarin,1
coordinator monitoring,1
coordinator pc,1
coordinator pelaksana,1
coordinator permit,1
coordinator project,1
coordinator site,1
coordinator soft,1
coordinator structure,1
coordinator tdc,1
coordinator upper,1
corona lumion,1
corporate engineering,1
corporate legal,1
corporate social,1
cost engineer,1
cost staff,1
cost tpp,1
costing manager,1
crd stone,1
creative director,1
creative lab,1
crew jasa,1
criteria tdc,1
cum estimator,1
cum site,1
d and,1
d planning,1
d3 politeknik,1
d3 t,1
data centre,1
data entry,1
departement perencanaan,1
department staff,1
dept general,1
deputy general,1
deputy pm,1
deputy project,1
deputy property,1
design 3d,1
design architect,1
design arsitek,1
design arsitektur,1
design background,1
design building,1
design civil,1
design construction,1
design content,1
design contractor,1
design criteria,1
design department,1
design development,1
design geotechnical,1
design interor,1
design junior,1
design leader,1
design mandarin,1
design marketing,1
design operation,1
design specialist,1
design specifier,1
design supervisor,1
designer 3d,1
designer architec,1
designer decorator,1
designer design,1
designer e,1
designer for,1
designer inhouse,1
designer intern,1
designer internship,1
designer landscape,1
designer manager,1
designer product,1
designer serpong,1
designer temporary,1
designer visualization,1
developer bandung,1
development administrator,1
development assistant,1
development associate,1
development department,1
development engineer,1
development engineering,1
development marketing,1
development officer,1
development program,1
development project,1
development real,1
development rnd,1
development staff,1
development supervisor,1
dewan pengurus,1
dibutuhkan spv,1
dicari arsitektur,1
diesel hammer,1
digital lock,1
digital sales,1
director epc,1
director interior,1
director mine,1
director of,1
director oil,1
direktur construction,1
direktur operasional,1
direktur senior,1
disain drafter,1
dispute specialist,1
diutamakan bidang,1
division head,1
door windows,1
drafter admin,1
drafter and,1
drafter architecture,1
drafter baja,1
drafter building,1
drafter citra,1
drafter controller,1
drafter cum,1
drafter design,1
drafter drafter,1
drafter engineer,1
drafter for,1
drafter freelance,1
drafter id,1
drafter in,1
drafter land,1
drafter mep,1
drafter modeler,1
drafter office,1
drafter officer,1
drafter pelaksana,1
drafter pengawas,1
drafter produksi,1
drafter qs,1
drafter senior,1
drafter supervisor,1
drawing staff,1
drawings 3d,1
drill crd,1
drone survey,1
duri riau,1
e commerce,1
e engineer,1
e project,1
east java,1
efficiency company,1
electrical drafter,1
electrical engineering,1
electrical plumbing,1
electrical technical,1
elektrikal me,1
em engineer,1
end residential,1
endp _bridge,1
endp civil,1
endp infrastructure,1
endp sumsel,1
energy efficiency,1
engineer and,1
engineer architecture,1
engineer arsitektur,1
engineer banjarmasin,1
engineer bridge,1
engineer central,1
engineer colocation,1
engineer commercial,1
engineer d3,1
engineer disain,1
engineer document,1
engineer em,1
engineer engineer,1
engineer english,1
engineer full,1
engineer geotech,1
engineer handyman,1
engineer infrastructure,1
engineer isp,1
engineer jakarta,1
engineer jawa,1
engineer junior,1
engineer konstruksi,1
engineer location,1
engineer maluku,1
engineer marvel,1
engineer mep,1
engineer officer,1
engineer pasuruan,1
engineer pce,1
engineer pelaksana,1
engineer procurement,1
engineer qse,1
engineer rental,1
engineer road,1
engineer s,1
engineer scheduler,1
engineer senior,1
engineer staff,1
engineer structural,1
engineer struktur,1
engineer wtp,1
engineering arsitek,1
engineering assistant,1
engineering attendant,1
engineering background,1
engineering ce,1
engineering construction,1
engineering design,1
engineering development,1
engineering division,1
engineering east,1
engineering elektrikal,1
engineering estimator,1
engineering furniture,1
engineering hospitality,1
engineering junior,1
engineering konstruksi,1
engineering lecturer,1
engineering mandarin,1
engineering office,1
engineering ofiicer,1
engineering property,1
engineering qs,1
engineering service,1
engineering specialist,1
engineering spv,1
engineering under,1
engineering utility,1
engineers and,1
english id,1
environment hse,1
environment social,1
eoi lead,1
epb business,1
epc company,1
epc manager,1
epc project,1
epiroc technician,1
equity research,1
erector supervisor,1
escalier interior,1
eskalator manado,1
estate acquisition,1
estate admin,1
estate area,1
estate batam,1
estate bogor,1
estate building,1
estate consultant,1
estate coordinator,1
estate housing,1
estate industry,1
estate marketing,1
estate officer,1
estate sales,1
estate specialist,1
estimation design,1
estimation manager,1
estimator administrasi,1
estimator bill,1
estimator bussiness,1
estimator engineer,1
estimator furniture,1
estimator konstruksi,1
estimator kontruksi,1
estimator marketing,1
estimator me,1
estimator mechanical,1
estimator mep,1
estimator officer,1
estimator pelaksana,1
estimator perencanaan,1
estimator semarang,1
estimator steel,1
estimator struktur,1
event promotion,1
excavator drill,1
execution superintendent,1
executive apartment,1
executive assistant,1
executive b2b,1
executive construction,1
executive for,1
executive metland,1
executive officer,1
executive properti,1
exhibit technical,1
exhibition animator,1
exhibition design,1
expansion open,1
expat property,1
expert project,1
express sunter,1
exterior building,1
fabrikasi besi,1
fabrikasi steel,1
facade estimator,1
facilities and,1
facilities coordinator,1
facilities manager,1
facilities project,1
facilities superintendent,1
facilities support,1
facility coordinator,1
facility housekeeping,1
facility jakarta,1
facility project,1
facility supervisor,1
field engineer,1
field project,1
field surveyor,1
fin tech,1
finance manager,1
firefighting and,1
firm service,1
fitter kontruksi,1
fitter steel,1
fitting out,1
food beverege,1
for architec,1
for architech,1
for architecture,1
for contruction,1
for expatriates,1
for high,1
for land,1
for legal,1
for luxury,1
for maternity,1
for office,1
for sentral,1
for tender,1
for unw,1
for villa,1
foreman sipil,1
foreman site,1
form steel,1
formwork supervisor,1
freelance architect,1
freelance business,1
freelance partnership,1
freelance positions,1
furniture drafter,1
furniture home,1
furniture industry,1
furniture ppic,1
furniture product,1
furniture semarang,1
furniture showroom,1
ga building,1
ga coordinator,1
gardening supervisor,1
gedung mep,1
gedung sipil,1
general kontraktor,1
general superintenden,1
general supervisor,1
general supporting,1
geotech endp,1
geotechnical engineering,1
gm accounting,1
gm estate,1
gm estimator,1
gm mall,1
gm operation,1
gm operational,1
gm project,1
gold ismia,1
governance analyst,1
government relation,1
graduate development,1
graha mulia,1
graphic designer,1
green royal,1
gudang checker,1
gudang proyek,1
handover quality,1
handover staff,1
handyman service,1
handyman tukang,1
hard services,1
harian level,1
head admin,1
head architect,1
head design,1
head furniture,1
head marketing,1
head office,1
head sales,1
health safety,1
high end,1
high tech,1
highway engineer,1
home decoration,1
hospital design,1
house karawaci,1
house pantai,1
house properti,1
house property,1
housekeeping landscape,1
housekeeping security,1
housekeeping supervisor,1
houses hospitality,1
housing infra,1
housing project,1
housing supervisor,1
hr ga,1
hs bsd,1
hse admin,1
hse building,1
hse coordinator,1
hse k3,1
hse manager,1
hse officer,1
hse project,1
hub warehouse,1
hvac listrik,1
ic undp,1
id 539045,1
id 539047,1
id 539049,1
id 542644,1
id 542645,1
id 542648,1
id 542649,1
id 542650,1
id 542652,1
id 543177,1
id drafter,1
ijp2022 endp,1
ikea business,1
ilir palembang,1
implementasi monitoring,1
implementation manager,1
improvement kaizen,1
in bogor,1
indah surabaya,1
indonesian translator,1
industrial estate,1
industry manager,1
industry work,1
information modeling,1
information modelling,1
infrastructure application,1
infrastructure area,1
infrastructure building,1
infrastructure civil,1
infrastructure fiber,1
infrastructure project,1
infrastructure road,1
infrastructure section,1
infrastructure supervisor,1
infrastruktur citra,1
infrastruktur ro,1
infrastruture engineering,1
inhouse bekasi,1
inhouse kota,1
inhouse properti,1
inhouse sales,1
insinyur konstruksi,1
inspector architect,1
inspector bandung,1
inspector citraland,1
inspector for,1
inspector jalan,1
inspector lapangan,1
inspector pantai,1
inspector pengawas,1
inspector product,1
inspector staff,1
inspector teknil,1
inspektor housing,1
installation staff,1
installment manager,1
interior and,1
interior arsitektur,1
interior boq,1
interior diutamakan,1
interior exhibition,1
interior exterior,1
interior inhouse,1
interior jakarta,1
interior landscape,1
interior manager,1
interior merangkap,1
interior sales,1
interior semarang,1
interior sipil,1
interior site,1
interior staff,1
interior technical,1
intermediate architect,1
internal firm,1
internal project,1
international sales,1
internship accounting,1
internship civil,1
internship general,1
internship operational,1
internship program,1
irrigation staff,1
ismia 017,1
isp olt,1
it engineer,1
jabo inner,1
jakarta bali,1
jalan aspal,1
jalan wajib,1
japanese interpreter,1
japanese speaker,1
jasa bangunan,1
jateng area,1
java area,1
jd sports,1
jembatan timbang,1
jetty supervisor,1
jkt comm,1
jr architect,1
jr designer,1
junior achitect,1
junior civil,1
junior designer,1
junior engineer,1
junior exhibit,1
junior level,1
junior officer,1
junior quantity,1
junior research,1
junior site,1
junior staff,1
junior supervisor,1
k3 perancah,1
k3 proyek,1
kabag sipil,1
kabag teknik,1
kadaster berlisensi,1
kaizen technician,1
kalimantan selatan,1
kalimatan barat,1
karawang purwakarta,1
karoseri metal,1
kayu resin,1
kebun kalbar,1
kelapa gading,1
kementrian bidang,1
kepala badan,1
kepala bar,1
kepala base,1
kepala batching,1
kepala kontrak,1
kepala pasar,1
kepala pengawas,1
kepala regu,1
kepala sarana,1
kepala teknik,1
kepala workshop,1
kerja ahli,1
kerja interior,1
khusus wanitaa,1
kitchen set,1
knowledge analyst,1
kode sop,1
konstruksi admin,1
konstruksi area,1
konstruksi estimator,1
konstruksi foreman,1
konstruksi perumahan,1
konstruksi renovasi,1
konstruksi supervisor,1
konsultan andalalin,1
konsultan corporate,1
kontraktor interior,1
kontraktor jalan,1
kontraktor proyek,1
kontruksi arsitektur,1
kontruksi baja,1
kontruksi gedung,1
koordinator agen,1
koordinator hse,1
koordinator interior,1
koordinator proyek,1
koordinator region,1
koordinator sipil,1
kordinator perencanaan,1
korean to,1
kota batam,1
kota bogor,1
kpr cileungsi,1
kpr staff,1
kredit analis,1
ktt coal,1
l d,1
l m,1
lab national,1
land certification,1
land clearing,1
land development,1
land dispute,1
land sales,1
land utilization,1
landed properti,1
landlord relation,1
landscape citra,1
landscape engineer,1
landscape officer,1
landscape surveyor,1
lapangan 1,1
lapangan interior,1
lapangan junior,1
lapangan karawang,1
lapangan konstruksi,1
lapangan koordinator,1
lapangan landscape,1
lapangan officer,1
lapangan pengawas,1
lapangan project,1
launcher expansion,1
layout design,1
lead estimator,1
lead pe,1
lead piping,1
leader location,1
leasing and,1
leasing area,1
leasing assistant,1
leasing casual,1
leasing coordinator,1
leasing office,1
leasing officer,1
leasing retail,1
leasing sponsorship,1
leasing tenan,1
leed construction,1
legal assistant,1
legal citra,1
legal corporate,1
legal executive,1
legal officer,1
legal permit,1
legal property,1
legal risk,1
legal staff,1
level madya,1
level wakil,1
lifeline system,1
lift eskalator,1
lifting engineer,1
lighting drafter,1
lippo karawaci,1
lippo malls,1
lippo office,1
listing agent,1
listrik mekanik,1
loader boiler,1
location klaten,1
location staff,1
lock digital,1
logistics mcl,1
logistik admin,1
logistik project,1
loss adjuster,1
lowongan desainer,1
lowongan kerja,1
lubuk linggau,1
luxury houses,1
lyon restaurant,1
m mall,1
madya k3,1
madya skk,1
madya teknik,1
mahir archicad,1
maintenance admin,1
maintenance civil,1
maintenance construction,1
maintenance coordinator,1
maintenance engineering,1
maintenance gedung,1
maintenance specialist,1
maintenance superintendent,1
makassar bali,1
maket miniatur,1
mal ciputra,1
malang town,1
mall general,1
mall gm,1
mall jabodetabek,1
mall jogja,1
mall jogjakarta,1
mall officer,1
mall operation,1
mall operational,1
malls indonesia,1
management and,1
management apartement,1
management assistant,1
management b,1
management cme,1
management company,1
management deputy,1
management for,1
management general,1
management idn,1
management intern,1
management konstruksi,1
management lead,1
management makassar,1
management pm,1
management property,1
management service,1
management shopping,1
manager area,1
manager arsitek,1
manager arsitektur,1
manager asisten,1
manager based,1
manager building,1
manager buildings,1
manager carstensz,1
manager cibubur,1
manager ciledug,1
manager commercial,1
manager contract,1
manager deck,1
manager deputy,1
manager director,1
manager domisili,1
manager energy,1
manager epc,1
manager estate,1
manager facility,1
manager factories,1
manager fiber,1
manager field,1
manager furniture,1
manager gm,1
manager hotel,1
manager indonesia,1
manager industrial,1
manager infrastructure,1
manager kalimatan,1
manager karawaci,1
manager kontraktor,1
manager kontruksi,1
manager l,1
manager lampung,1
manager leasing,1
manager malang,1
manager manager,1
manager manufacturing,1
manager merketing,1
manager officer,1
manager operasional,1
manager operational,1
manager pelaksana,1
manager pembangunan,1
manager pengawas,1
manager pengendali,1
manager perencanaan,1
manager planning,1
manager plant,1
manager pltmg,1
manager quantity,1
manager region,1
manager restaurant,1
manager sentul,1
manager shipyard,1
manager sidoarjo,1
manager site,1
manager sm,1
manager soft,1
manager spesialis,1
manager structural,1
manager subang,1
manager sumatera,1
manager supervisor,1
manager survey,1
manager tambang,1
manager tangerang,1
manager telekomunikasi,1
manager top,1
manager warehouse,1
manager wood,1
manager wtp,1
manager_real estate,1
managerial level,1
managing director,1
manajemen konstruksi,1
manajemen proyek,1
manajer developer,1
manajer konstruksi,1
manajer manpower,1
manajer pengelola,1
manajer teknik,1
manajer teknis,1
mandarin lapangan,1
mandarin speaking,1
mandarin translater,1
mandarin translator,1
mandor interior,1
mandor proyek,1
manpower qs,1
mansion apartment,1
manufacture produksi,1
manufacturing cikarang,1
manufacturing plant,1
manufaktur baja,1
mapping mining,1
marcomm manager,1
margomulyo indah,1
market operation,1
market surveyor,1
marketing admin,1
marketing agent,1
marketing associates,1
marketing bangunan,1
marketing developer,1
marketing engineer,1
marketing geosintetik,1
marketing interior,1
marketing konstruksi,1
marketing landed,1
marketing leasing,1
marketing manager_real,1
marketing real,1
marketing rumah,1
marketing senior,1
marketing showroom,1
marketing sipil,1
marketing supervisor,1
marketing.digital marketing.in,1
marketing.in house,1
marvel 2,1
master plan,1
masterplan cikarang,1
material construction,1
material control,1
material manufacturing,1
material sales,1
maternity leave,1
max corona,1
me staff,1
mechanical engineering,1
mechanical piping,1
medan fair,1
media high,1
media staff,1
mei 2x3mw,1
mekanikal elektrikal,1
memiliki ska,1
memiliki skt,1
mep citra,1
mep electrical,1
mep highrise,1
mep karawaci,1
mep sipil,1
mep spv,1
mep supervisor,1
merangkap drafter,1
merchandiser interior,1
merketing interior,1
metal fabrikasÄ±,1
methods engineer,1
metland cibitung,1
metland menteng,1
metland transyogi,1
mewah pribadi,1
mfo jabo,1
mfo jateng,1
mfo penempatan,1
mgt manager,1
middle weight,1
migas tank,1
mine expansion,1
mine surveyor,1
miniatur bangunan,1
minimal d3,1
mining civil,1
mining ktt,1
mining production,1
mining services,1
mk manajemen,1
modeler civil,1
modeler visualizer,1
modeling for,1
modeller technical,1
modeller visualizer,1
modelling architect,1
modelling bim,1
modelling cad,1
modelling enscape,1
modelling render,1
modern market,1
monitoring reporting,1
monitoring system,1
muda drafter,1
municipal affair,1
national consultant,1
national head,1
national project,1
network planning,1
new property,1
non tanaman,1
north maluku,1
oceanography engineer,1
of creative,1
of dept,1
of finance,1
of legal,1
of operation,1
of plant,1
of production,1
of quantity,1
of showroom,1
of technical,1
office and,1
office assistant,1
office engineer,1
office fit,1
office furniture,1
office kuningan,1
office management,1
office renovation,1
office towers,1
officer arsitektur,1
officer balikpapan,1
officer bandung,1
officer cluster,1
officer commercial,1
officer estate,1
officer for,1
officer gajah,1
officer government,1
officer internship,1
officer landscape,1
officer lippo,1
officer masterplan,1
officer partnership,1
officer pemancangan,1
officer perijinan,1
officer placement,1
officer properti,1
officer pt,1
officer site,1
ogan ilir,1
oil gas,1
on site,1
open for,1
operasional alat,1
operasional manager,1
operasional property,1
operasional proyek,1
operasional ready,1
operation head,1
operation mal,1
operation section,1
operation staff,1
operation support,1
operational and,1
operational assistant,1
operational pmo,1
operational projek,1
operations manager,1
operations sales,1
operator alat,1
optima graha,1
osp site,1
out coordinator,1
out designer,1
out for,1
out mall,1
out manager,1
out project,1
outsource controller,1
p id,1
packing installation,1
parking staff,1
partnership interior,1
parts operation,1
pasuruan id,1
pc bsd,1
pc jabo,1
pekerja lapangan,1
pekerjaan jalan,1
pekerjaan konsultan,1
pelaksana drafter,1
pelaksana harian,1
pelaksana pengawas,1
pelaksana supervisor,1
pemancangan diesel,1
pembangunan perumahan,1
pembangunan proyek,1
penempatan bandung,1
penempatan bogor,1
penempatan gresik,1
penempatan jateng,1
penempatan jember,1
penempatan kebun,1
penempatan pekalongan,1
penerjemah mandarin,1
pengawas bagunan,1
pengawas drafter,1
pengawas fabrikasi,1
pengawas housing,1
pengawas infrastruktur,1
pengawas inspektor,1
pengawas interior,1
pengawas lingkungan,1
pengawas pembangunan,1
pengawas project,1
pengawas situs,1
pengawas teknik,1
pengawasan bangunan,1
pengelola pasar,1
pengembangan konstruksi,1
pengendali banjir,1
pengurus daerah,1
penilai appraisal,1
penilai mesin,1
penilai property,1
penilai quality,1
perencana bangunan,1
perencanaan arsitektur,1
perencanaan proyek,1
permit karawang,1
permit officer,1
permit specialist,1
personal assistant,1
perumahan freelance,1
perumahan in,1
perumahan masal,1
perumahan residential,1
perumahan sidoarjo,1
petugas ukur,1
pic database,1
pic pc,1
pic project,1
pik jakarta,1
piping engineer,1
piping engineering,1
piping refinery,1
piping tank,1
placement central,1
placement surabaya,1
placement west,1
plafon gypsum,1
plan estate,1
plan estimator,1
planner and,1
planner engineer,1
planner township,1
planning acquisition,1
planning department,1
planning design,1
planning document,1
planning scheduling,1
planning supervisor,1
plant expansion,1
plant mei,1
plant supervisor,1
plant wheel,1
plant wwtp,1
plaza jember,1
plaza lubuk,1
plaza medan,1
pltu sofifi,1
plumbing designer,1
plumbing engineer,1
plumbing hard,1
pme project,1
pmo infrastructure,1
point tritan,1
politeknik qualification,1
preparation manager,1
principal broker,1
principal geotechnical,1
procedure officer,1
process analyst,1
process engineer,1
procurement analysis,1
procurement cum,1
procurement engineer,1
procurement estimator,1
procurement qs,1
product design,1
product designer,1
product inspector,1
product specialist,1
production and,1
production project,1
production supervisor,1
produk designer,1
produksi furniture,1
produksi interior,1
professional vendor,1
program coordinator,1
program implementasi,1
program sales,1
progress control,1
project architech,1
project area,1
project asisten,1
project balance,1
project biodisel,1
project bogor,1
project communication,1
project construction,1
project costing,1
project document,1
project english,1
project epc,1
project execution,1
project expeditor,1
project facilities,1
project head,1
project jawa,1
project kalimantan,1
project konstruksi,1
project kontraktor,1
project koordinator,1
project landscape,1
project maintenance,1
project monitoring,1
project operation,1
project osp,1
project qs,1
project quality,1
project quantity,1
project retail,1
project sales,1
project samarinda,1
project scheduler,1
project sep,1
project specialist,1
project spv,1
project survay,1
project surveyor,1
project teknik,1
projek citra,1
promosi supervisor,1
promotion coordinator,1
promotion mall,1
promotion staff,1
properti bekasi,1
properti bogor,1
properti jakarta,1
properti makassar,1
properti marcom,1
properti penempatan,1
properti perumahan,1
properti real,1
properti yogyakarta,1
property ambassador,1
property b,1
property bandung,1
property bekasi,1
property business,1
property ciledug,1
property digital,1
property english,1
property fatmawati,1
property general,1
property green,1
property karawaci,1
property landed,1
property managing,1
property marketing,1
property mesin,1
property online,1
property project,1
property puri,1
property sedayu,1
property service,1
property surveyor,1
property taman,1
property valuer,1
propoerty management,1
propose manager,1
proyek citraraya,1
proyek desain,1
proyek developer,1
proyek kode,1
proyek kontruksi,1
proyek landed,1
proyek lapangan,1
proyek manager,1
proyek manajer,1
proyek pekerjaan,1
proyek pelaksana,1
proyek pemerintah,1
proyek penempatan,1
proyek pengairan,1
proyek renovasi,1
proyek rumah,1
proyek sarana,1
proyek sumbawa,1
pt cantika,1
pt lippo,1
pt optima,1
puri mansion,1
puri serang,1
puspa pesona,1
qa civil,1
qc mechanical,1
qc qa,1
qc specialist,1
qs construction,1
qs cost,1
qs interior,1
qs logistik,1
qs manager,1
qs mechanical,1
quality assurance,1
quality engineer,1
quality supervisor,1
quantity engineer,1
quantity head,1
quantity surveying,1
quantity surveyour,1
quarry project,1
quntity surveyor,1
rab pengawas,1
ready mix,1
refrigeration engineer,1
regional channel,1
regional commissioning,1
regional general,1
regional makassar,1
regional project,1
regional research,1
regu waste,1
relation administrator,1
relation arandra,1
relation assistant,1
relation controller,1
relation design,1
relation management,1
relation spv,1
relation staff,1
relations collection,1
relationship and,1
rendering drafter,1
renovasi interior,1
rental division,1
repair business,1
repair maintenance,1
research analyst,1
research assistant,1
research consultant,1
resident relation,1
residential coordinator,1
residential designer,1
residential drafter,1
residential estate,1
residential manager,1
residential project,1
resin bali,1
responsibillity csr,1
restaurant a,1
restoran surveyor,1
retail project,1
revit and,1
revit rhino,1
rigger project,1
ro sumut,1
road engineer,1
road maintanance,1
royal jakarta,1
rumbai duri,1
s1 teknik,1
safety environment,1
safety officer,1
sales administration,1
sales akasa,1
sales and,1
sales associate,1
sales ballroom,1
sales buliding,1
sales commercial,1
sales developer,1
sales exclusive,1
sales experience,1
sales freelance,1
sales in,1
sales industry,1
sales interior,1
sales logistics,1
sales manufacture,1
sales proyek,1
sales representative,1
sales ssa,1
sales team,1
sales trading,1
salex executive,1
sampel maker,1
sarana prasarana,1
scaffolder sertifikat,1
scaffolding supervisor,1
schedule control,1
scheduler arandra,1
scheduler bbs,1
scheduler qs,1
scheduling supervisor,1
scom bsd,1
section leader,1
section manager,1
security parking,1
security supervisor,1
selatan mandarin,1
semarang central,1
semarang jawa,1
senayan office,1
senior account,1
senior admin,1
senior bandung,1
senior desain,1
senior design,1
senior firefighting,1
senior inspector,1
senior marketing,1
senior mine,1
senior procurement,1
senior property,1
senior quality,1
senior site,1
senior sr,1
senior strata,1
senior structural,1
senior supervisor,1
sentral senayan,1
sentul city,1
sentul project,1
sequis tower,1
serpong bsd,1
sertifikat kementrian,1
service a,1
service admin,1
service apartment,1
service epb,1
service management,1
service section,1
service star,1
services area,1
set design,1
she sr,1
shop drawing,1
sipil architect,1
sipil arsitektural,1
sipil bangunan,1
sipil carpenter,1
sipil departement,1
sipil electrical,1
sipil hvac,1
sipil lanskap,1
sipil me,1
sipil ogan,1
sipil pengawas,1
sipil perencanaan,1
sipil project,1
sipil qs,1
sipil quality,1
sipil rumah,1
sipil senior,1
sipil struktur,1
sitac jabodetabek,1
site architect,1
site assistant,1
site based,1
site controller,1
site department,1
site engineers,1
site management,1
site placement,1
site quantity,1
site regional,1
site sandai,1
site sqa,1
ska madya,1
skk geoteknik,1
skt ska,1
sm proyek,1
smart lock,1
smart p,1
social governance,1
social responsibillity,1
sofifi north,1
soft service,1
soft services,1
solutions architect,1
sourcing and,1
speaker gresik,1
speaker id,1
specialist civil,1
specialist door,1
specialist for,1
specialist lifeline,1
specialist modeller,1
specialist team,1
specifier project,1
specifier technical,1
spesialis rumah,1
spesialisasi tender,1
spg properti,1
spv engineering,1
spv gempol,1
spv lapangan,1
spv leasing,1
spv malang,1
spv maluku,1
spv marketing,1
spv mep,1
spv pelaksana,1
spv pik,1
spv project,1
spv property,1
spv sipil,1
spv site,1
spv spv,1
spv tenant,1
sqa engineer,1
sr designer,1
sr engineer,1
sr international,1
sr project,1
ssa jkt,1
staf administrasi,1
staf appraisal,1
staf manajemen,1
staf operasional,1
staf pengawas,1
staf penilai,1
staf smk3,1
staff ahli,1
staff auditor,1
staff cheker,1
staff civil,1
staff collection,1
staff customer,1
staff depok,1
staff desain,1
staff eids,1
staff estate,1
staff estimator,1
staff finance,1
staff fitting,1
staff for,1
staff foreman,1
staff ga,1
staff geologis,1
staff high,1
staff highrise,1
staff hs,1
staff id,1
staff jakarta,1
staff legal,1
staff logistik,1
staff m,1
staff maintenance,1
staff manager,1
staff marcomm,1
staff network,1
staff paramedis,1
staff penjualan,1
staff perencana,1
staff perencanaan,1
staff planning,1
staff product,1
staff program,1
staff pt,1
staff research,1
staff sitac,1
staff tas,1
staff urban,1
standard cost,1
star up,1
steel engineering,1
steel fabrication,1
steel structural,1
stone crusher,1
store architect,1
store assistant,1
store audit,1
store maintenance,1
store structure,1
strata architect,1
strategic social,1
structural analysis,1
structural and,1
structural architecture,1
structural engineering,1
structural modeller,1
structural sr,1
structure bim,1
structure engineering,1
structure manager,1
struktur baja,1
struktur finishing,1
struktur s1,1
studio assistant,1
studio drafter,1
studio head,1
studio manager,1
subcontractor engineer,1
sumatera selatan,1
superintenden gs,1
superintendent gs,1
superintendent mining,1
supervisior civil,1
supervisor admin,1
supervisor baja,1
supervisor banten,1
supervisor bidang,1
supervisor bogor,1
supervisor cme,1
supervisor construction,1
supervisor domisili,1
supervisor drafter,1
supervisor engineer,1
supervisor engineering,1
supervisor english,1
supervisor fabrikasi,1
supervisor fit,1
supervisor general,1
supervisor id,1
supervisor infrastruktur,1
supervisor jalan,1
supervisor jd,1
supervisor kaltim,1
supervisor konstruksi,1
supervisor malang,1
supervisor mall,1
supervisor marketing,1
supervisor medan,1
supervisor operasional,1
supervisor palembang,1
supervisor penempatan,1
supervisor perijinan,1
supervisor piping,1
supervisor plaza,1
supervisor pt,1
supervisor quantity,1
supervisor quarry,1
supervisor real,1
supervisor region,1
supervisor research,1
supervisor s,1
supervisor semarang,1
supervisor spv,1
supervisor superintendent,1
supervisor supervisor,1
supervisor supervisorâs,1
supervisor talaga,1
supervisor tangerang,1
supervisor upper,1
supervisorâs earthwork,1
supporting technician,1
surabaya based,1
survey engineering,1
survey mapping,1
surveying contract,1
surveyor analyst,1
surveyor area,1
surveyor assistant,1
surveyor cikarang,1
surveyor construction,1
surveyor drafter,1
surveyor freelance,1
surveyor gedung,1
surveyor kontraktor,1
surveyor kudus,1
surveyor location,1
surveyor malang,1
surveyor minimal,1
surveyor officer,1
surveyor palembang,1
surveyor part,1
surveyor ppic,1
surveyor progress,1
surveyor rembang,1
surveyor semarang,1
surveyor sipil,1
surveyor spesialisasi,1
surveyor tambang,1
surveyor ukur,1
suveryor petugas,1
system and,1
system engineer,1
t sipil,1
talaga bestari,1
talent acquisition,1
taman anggrek,1
tambang andesit,1
tanah bangunan,1
tangerang area,1
tangerang brewery,1
tank inspector,1
tas bsd,1
team head,1
technical consultant,1
technical department,1
technical methods,1
technical mining,1
technical sales,1
technician apprentice,1
technician civil,1
technician teknisi,1
teknik jalan,1
teknik marketing,1
teknik non,1
teknik pengawas,1
teknik perencanaan,1
teknik property,1
teknik site,1
teknil sipil,1
teknis pekerjaan,1
teknisi instalasi,1
teknisi lift,1
teknisi plumbing,1
teknisi sequis,1
teknisi smart,1
telco media,1
temporary for,1
tenaga kerja,1
tenaga penilai,1
tenant coordinator,1
tenant relations,1
tender officer,1
timbang excavator,1
time and,1
time interior,1
timur bali,1
to indonesian,1
top side,1
town square,1
town urban,1
township karawaci,1
trainee civil,1
trainee for,1
trainee mt,1
transaction lead,1
translater mandarin,1
tritan hub,1
tritan point,1
tukang kayu,1
tukang plafon,1
uh sipil,1
under client,1
undp gold,1
unw office,1
up company,1
upper structure,1
upper west,1
urban designer,1
urban farm,1
urban planner,1
utility technician,1
utilization master,1
vast land,1
vendor management,1
vice gm,1
villa real,1
visual merchandiser,1
visualizer 3d,1
voza tower,1
vp construction,1
vp equity,1
wajib memiliki,1
wakil direktur,1
wakil site,1
warehouse alat,1
warehouse management,1
waste coordinator,1
waste water,1
weight interior,1
west apartment,1
west kalimantan,1
wheel loader,1
with sales,1
wood building,1
work location,1
work preparation,1
works administration,1
workshop furniture,1
workshop installment,1
workshop project,1
writer copywriter,1
wtp karawaci,1
å¹ ç,1
ç management,1
ç®¡ å¹,1
